-- 2025/9/14 CCB 1.0.3 新盖提商路加成人口信仰由1->0.5 （取消了）
-- UPDATE ModifierArguments SET Value=1 WHERE ModifierId='MINOR_CIV_CHINGUETTI_FAITH_FOLLOWERS' AND Name='Amount';

-- 2025/09/16 chinguetti bonus to +2/+4/+6 faith
-- delete old bonus
DELETE FROM TraitModifiers
      WHERE ModifierId = 'MINOR_CIV_CHINGUETTI_UNIQUE_INFLUENCE_BONUS' AND
            TraitType = 'MINOR_CIV_CHINGUETTI_TRAIT';

-- base +2
INSERT INTO TraitModifiers (TraitType, ModifierId) VALUES 
('MINOR_CIV_CHINGUETTI_TRAIT', 'CCB_MINOR_CIV_CHINGUETTI_UNIQUE_INFLUENCE_BASE_GIVER');

INSERT INTO Modifiers (ModifierId, ModifierType, RunOnce, Permanent, NewOnly, OwnerRequirementSetId, SubjectRequirementSetId) VALUES 
('CCB_MINOR_CIV_CHINGUETTI_UNIQUE_INFLUENCE_BASE_GIVER', 'MODIFIER_ALL_PLAYERS_ATTACH_MODIFIER', 0, 0, 0, NULL, 'PLAYER_IS_SUZERAIN');

INSERT INTO ModifierArguments (ModifierId, Name, Value) VALUES 
('CCB_MINOR_CIV_CHINGUETTI_UNIQUE_INFLUENCE_BASE_GIVER', 'ModifierId', 'CCB_MINOR_CIV_CHINGUETTI_UNIQUE_INFLUENCE_BASE');

INSERT INTO Modifiers (ModifierId, ModifierType, RunOnce, Permanent, NewOnly, OwnerRequirementSetId, SubjectRequirementSetId) VALUES 
('CCB_MINOR_CIV_CHINGUETTI_UNIQUE_INFLUENCE_BASE', 'MODIFIER_PLAYER_ADJUST_TRADE_ROUTE_YIELD', 0, 0, 0, NULL, NULL);

INSERT INTO ModifierArguments (ModifierId, Name, Value) VALUES 
('CCB_MINOR_CIV_CHINGUETTI_UNIQUE_INFLUENCE_BASE', 'Amount', '2'), 
('CCB_MINOR_CIV_CHINGUETTI_UNIQUE_INFLUENCE_BASE', 'YieldType', 'YIELD_FAITH');

-- theology +2
INSERT INTO TraitModifiers (TraitType, ModifierId) VALUES 
('MINOR_CIV_CHINGUETTI_TRAIT', 'CCB_MINOR_CIV_CHINGUETTI_UNIQUE_INFLUENCE_CIVIC_THEOLOGY_GIVER');

INSERT INTO Modifiers (ModifierId, ModifierType, RunOnce, Permanent, NewOnly, OwnerRequirementSetId, SubjectRequirementSetId) VALUES 
('CCB_MINOR_CIV_CHINGUETTI_UNIQUE_INFLUENCE_CIVIC_THEOLOGY_GIVER', 'MODIFIER_ALL_PLAYERS_ATTACH_MODIFIER', 0, 0, 0, NULL, 'PLAYER_IS_SUZERAIN');

INSERT INTO ModifierArguments (ModifierId, Name, Value) VALUES 
('CCB_MINOR_CIV_CHINGUETTI_UNIQUE_INFLUENCE_CIVIC_THEOLOGY_GIVER', 'ModifierId', 'CCB_MINOR_CIV_CHINGUETTI_UNIQUE_INFLUENCE_CIVIC_THEOLOGY');

INSERT INTO Modifiers (ModifierId, ModifierType, RunOnce, Permanent, NewOnly, OwnerRequirementSetId, SubjectRequirementSetId) VALUES 
('CCB_MINOR_CIV_CHINGUETTI_UNIQUE_INFLUENCE_CIVIC_THEOLOGY', 'MODIFIER_PLAYER_ADJUST_TRADE_ROUTE_YIELD', 0, 0, 0, 'BBG_UTILS_PLAYER_HAS_CIVIC_THEOLOGY_REQSET', NULL);

INSERT INTO ModifierArguments (ModifierId, Name, Value) VALUES 
('CCB_MINOR_CIV_CHINGUETTI_UNIQUE_INFLUENCE_CIVIC_THEOLOGY', 'Amount', '2'), 
('CCB_MINOR_CIV_CHINGUETTI_UNIQUE_INFLUENCE_CIVIC_THEOLOGY', 'YieldType', 'YIELD_FAITH');


-- 
INSERT INTO TraitModifiers (TraitType, ModifierId) VALUES 
('MINOR_CIV_CHINGUETTI_TRAIT', 'CCB_MINOR_CIV_CHINGUETTI_UNIQUE_INFLUENCE_CIVIC_REFORMED_CHURCH_GIVER');

INSERT INTO Modifiers (ModifierId, ModifierType, RunOnce, Permanent, NewOnly, OwnerRequirementSetId, SubjectRequirementSetId) VALUES 
('CCB_MINOR_CIV_CHINGUETTI_UNIQUE_INFLUENCE_CIVIC_REFORMED_CHURCH_GIVER', 'MODIFIER_ALL_PLAYERS_ATTACH_MODIFIER', 0, 0, 0, NULL, 'PLAYER_IS_SUZERAIN');

INSERT INTO ModifierArguments (ModifierId, Name, Value) VALUES 
('CCB_MINOR_CIV_CHINGUETTI_UNIQUE_INFLUENCE_CIVIC_REFORMED_CHURCH_GIVER', 'ModifierId', 'CCB_MINOR_CIV_CHINGUETTI_UNIQUE_INFLUENCE_CIVIC_REFORMED_CHURCH');

INSERT INTO Modifiers (ModifierId, ModifierType, RunOnce, Permanent, NewOnly, OwnerRequirementSetId, SubjectRequirementSetId) VALUES 
('CCB_MINOR_CIV_CHINGUETTI_UNIQUE_INFLUENCE_CIVIC_REFORMED_CHURCH', 'MODIFIER_PLAYER_ADJUST_TRADE_ROUTE_YIELD', 0, 0, 0, 'BBG_UTILS_PLAYER_HAS_CIVIC_REFORMED_CHURCH_REQSET', NULL);

INSERT INTO ModifierArguments (ModifierId, Name, Value) VALUES 
('CCB_MINOR_CIV_CHINGUETTI_UNIQUE_INFLUENCE_CIVIC_REFORMED_CHURCH', 'Amount', '2'), 
('CCB_MINOR_CIV_CHINGUETTI_UNIQUE_INFLUENCE_CIVIC_REFORMED_CHURCH', 'YieldType', 'YIELD_FAITH');